Day, Coyotes count, Coyotes Born, Coyotes Died, AverageRunSpeed, AverageRadius, AverageStamina
1,12,12,0,11.4,88.33334,8.833333
2,12,0,0,11.4,88.33334,8.833333
3,12,0,0,11.4,88.33334,8.833333
4,12,0,0,11.4,88.33334,8.833333
5,12,0,0,11.4,88.33334,8.833333
6,14,2,0,11.45273,88.03547,9
Day, Trees count, Trees Born, Trees Died, AverageHeight
1,41,41,0,2.082898
2,41,0,0,2.082898
3,41,1,1,2.114665
4,61,22,2,2.059057
5,63,5,3,2.083369
6,70,12,5,2.090181
Day, Deers count, Deers Born, Deers Died, AverageRunSpeed, AverageRadius, AverageStamina, AverageNeckHeight, AverageStartFleeDistance
1,62,62,0,9,97.74194,14.66129,2,40
2,62,62,0,9,97.74194,14.66129,2,40
3,55,62,7,9,97.45454,14.61818,2,40
4,60,75,15,8.92165,100.3557,14.92595,2.006293,39.76068
5,68,88,20,8.985263,99.82925,15.00877,1.973369,39.38734
6,76,101,25,9.020658,99.68572,14.95108,1.970928,39.33562
